Time_s,Phase,Omega_degps,Attitude_Error_deg,B_Field_nT,Total_Control_Torque_uNm,Mag_Torque_uNm,Wheel_Torque_uNm,Env_Torque_nNm,Wheel_Speed_rps,Mag_Dipole_Am2,Altitude_km,Energy_J
0.0000,DETUMBLE,19.6147,120.9711,9300.0000,37.6390,37.6390,0.0000,114.5426,0.0000,4.3301,400.0000,0.0091
10.0000,DETUMBLE,19.3442,115.3164,9312.0419,33.9492,33.9492,0.0000,19.0275,0.0000,4.3301,400.0000,0.0090
20.0000,DETUMBLE,20.3805,159.1140,9348.0498,40.4409,40.4409,0.0000,79.6337,0.0000,4.3301,400.0000,0.0090
30.0000,DETUMBLE,18.9362,160.6018,9407.6754,36.9179,36.9179,0.0000,39.6807,0.0000,4.3301,400.0000,0.0089
40.0000,DETUMBLE,19.5121,157.4522,9490.3529,33.4323,33.4323,0.0000,100.1438,0.0000,4.3301,400.0000,0.0088
50.0000,DETUMBLE,19.5350,136.6459,9595.3199,41.4825,41.4825,0.0000,111.1105,0.0000,4.3301,400.0000,0.0087
60.0000,DETUMBLE,18.5532,121.1858,9721.6441,38.6117,38.6117,0.0000,17.3110,0.0000,4.3301,400.0000,0.0086
70.0000,DETUMBLE,19.7105,130.5797,9868.2531,42.0841,42.0841,0.0000,116.9698,0.0000,4.3301,400.0000,0.0085
80.0000,DETUMBLE,18.5825,164.7266,10033.9668,38.3240,38.3240,0.0000,77.3489,0.0000,4.3301,400.0000,0.0084
90.0000,DETUMBLE,18.5998,174.6766,10217.5283,40.0085,40.0085,0.0000,80.4413,0.0000,4.3301,400.0000,0.0083
100.0000,DETUMBLE,19.0687,117.6082,10417.6334,44.5928,44.5928,0.0000,71.3157,0.0000,4.3301,400.0000,0.0081
110.0000,DETUMBLE,17.8603,126.3845,10632.9566,42.6851,42.6851,0.0000,149.5145,0.0000,4.3301,400.0000,0.0080
120.0000,DETUMBLE,18.8794,137.2960,10862.1742,46.5841,46.5841,0.0000,223.7787,0.0000,4.3301,400.0000,0.0079
130.0000,DETUMBLE,17.9195,169.3935,11103.9822,47.9578,47.9578,0.0000,187.3516,0.0000,4.3301,400.0000,0.0078
140.0000,DETUMBLE,17.8678,123.6095,11357.1109,45.9514,45.9514,0.0000,183.6009,0.0000,4.3301,400.0000,0.0077
150.0000,DETUMBLE,18.2197,165.7602,11620.3361,49.1247,49.1247,0.0000,180.4835,0.0000,4.3301,400.0000,0.0075
160.0000,DETUMBLE,17.1188,133.4698,11892.4867,46.3181,46.3181,0.0000,182.5719,0.0000,4.3301,400.0000,0.0074
170.0000,DETUMBLE,18.0150,165.5893,12172.4494,51.4128,51.4128,0.0000,223.1836,0.0000,4.3301,400.0000,0.0073
180.0000,DETUMBLE,16.8950,121.9929,12459.1715,52.8773,52.8773,0.0000,178.8925,0.0000,4.3301,400.0000,0.0071
190.0000,DETUMBLE,17.3000,139.1818,12751.6620,55.1843,55.1843,0.0000,30.7362,0.0000,4.3301,400.0000,0.0070
200.0000,DETUMBLE,16.9466,154.6533,13048.9909,51.4848,51.4848,0.0000,75.9533,0.0000,4.3301,400.0000,0.0069
210.0000,DETUMBLE,16.4692,142.4215,13350.2879,52.9804,52.9804,0.0000,107.0828,0.0000,4.3301,400.0000,0.0067
220.0000,DETUMBLE,16.9083,156.6270,13654.7405,55.8631,55.8631,0.0000,119.8490,0.0000,4.3301,400.0000,0.0066
230.0000,DETUMBLE,15.8658,126.4847,13961.5908,55.2910,55.2910,0.0000,227.7735,0.0000,4.3301,400.0000,0.0064
240.0000,DETUMBLE,16.5720,166.5569,14270.1335,56.0551,56.0551,0.0000,246.6860,0.0000,4.3301,400.0000,0.0063
250.0000,DETUMBLE,15.4665,119.0097,14579.7123,61.4236,61.4236,0.0000,158.5276,0.0000,4.3301,400.0000,0.0061
260.0000,DETUMBLE,16.0606,143.5994,14889.7173,59.9242,59.9242,0.0000,94.0170,0.0000,4.3301,400.0000,0.0060
270.0000,DETUMBLE,15.1381,175.6550,15199.5817,58.8388,58.8388,0.0000,120.3087,0.0000,4.3301,400.0000,0.0058
280.0000,DETUMBLE,15.4571,117.8328,15508.7793,64.0870,64.0870,0.0000,185.0727,0.0000,4.3301,400.0000,0.0057
290.0000,DETUMBLE,14.8095,164.4886,15816.8218,61.6869,61.6869,0.0000,171.3160,0.0000,4.3301,400.0000,0.0055
300.0000,DETUMBLE,14.8458,147.6231,16123.2561,69.5639,69.5639,0.0000,152.4428,0.0000,4.3301,400.0000,0.0053
310.0000,DETUMBLE,14.4166,118.2599,16427.6619,69.0444,69.0444,0.0000,22.9335,0.0000,4.3301,400.0000,0.0052
320.0000,DETUMBLE,14.3214,146.4913,16729.6499,72.3069,72.3069,0.0000,216.9415,0.0000,4.3301,400.0000,0.0050
330.0000,DETUMBLE,13.9603,128.8703,17028.8594,62.9529,62.9529,0.0000,233.9329,0.0000,4.3301,400.0000,0.0049
340.0000,DETUMBLE,13.8018,141.2505,17324.9567,75.0186,75.0186,0.0000,69.8700,0.0000,4.3301,400.0000,0.0047
350.0000,DETUMBLE,13.4357,164.9825,17617.6331,76.1902,76.1902,0.0000,141.6565,0.0000,4.3301,400.0000,0.0046
360.0000,DETUMBLE,13.3642,118.0175,17906.6036,72.0177,72.0177,0.0000,182.1821,0.0000,4.3301,400.0000,0.0044
370.0000,DETUMBLE,12.8758,179.0703,18191.6056,78.7719,78.7719,0.0000,143.2310,0.0000,4.3301,400.0000,0.0043
380.0000,DETUMBLE,12.9312,158.8118,18472.3972,67.4474,67.4474,0.0000,67.3474,0.0000,3.7240,400.0000,0.0041
390.0000,DETUMBLE,12.2960,119.3363,18748.7563,79.1465,79.1465,0.0000,206.1145,0.0000,4.3301,400.0000,0.0040
400.0000,DETUMBLE,12.4210,160.3084,19020.4794,79.5069,79.5069,0.0000,202.8506,0.0000,4.3301,400.0000,0.0038
410.0000,DETUMBLE,11.7276,131.0197,19287.3807,68.5441,68.5441,0.0000,89.9825,0.0000,4.3301,400.0000,0.0037
420.0000,DETUMBLE,11.8849,133.0133,19549.2909,64.8973,64.8973,0.0000,243.1240,0.0000,3.6911,400.0000,0.0035
430.0000,DETUMBLE,11.2519,135.8254,19806.0568,81.8999,81.8999,0.0000,104.5252,0.0000,4.3301,400.0000,0.0034
440.0000,DETUMBLE,11.2109,169.0414,20057.5402,85.2495,85.2495,0.0000,187.4695,0.0000,4.3301,400.0000,0.0032
450.0000,DETUMBLE,10.8494,118.3155,20303.6171,84.7125,84.7125,0.0000,151.6892,0.0000,4.3301,400.0000,0.0031
460.0000,DETUMBLE,10.4994,149.1258,20544.1775,88.5280,88.5280,0.0000,107.0881,0.0000,4.3301,400.0000,0.0029
470.0000,DETUMBLE,10.4560,174.5687,20779.1242,73.5971,73.5971,0.0000,203.5979,0.0000,3.5419,400.0000,0.0028
480.0000,DETUMBLE,9.9564,155.5549,21008.3725,61.4827,61.4827,0.0000,63.3115,0.0000,3.9783,400.0000,0.0027
490.0000,DETUMBLE,9.8851,119.7827,21231.8498,82.6799,82.6799,0.0000,204.3681,0.0000,4.3301,400.0000,0.0026
500.0000,DETUMBLE,9.5505,152.2424,21449.4947,92.7455,92.7455,0.0000,118.4490,0.0000,4.3301,400.0000,0.0024
510.0000,DETUMBLE,9.2010,160.3507,21661.2569,87.6015,87.6015,0.0000,236.4073,0.0000,4.3301,400.0000,0.0023
520.0000,DETUMBLE,9.0771,143.1014,21867.0964,93.1942,93.1942,0.0000,101.1668,0.0000,4.3301,400.0000,0.0022
530.0000,DETUMBLE,8.6861,129.5717,22066.9834,84.5074,84.5074,0.0000,225.7116,0.0000,4.3301,400.0000,0.0021
540.0000,DETUMBLE,8.4510,135.7839,22260.8978,89.5122,89.5122,0.0000,75.1727,0.0000,4.3301,400.0000,0.0020
550.0000,DETUMBLE,8.2216,177.4549,22448.8284,68.6396,68.6396,0.0000,249.6211,0.0000,4.3301,400.0000,0.0018
560.0000,DETUMBLE,7.8901,142.8634,22630.7731,89.5136,89.5136,0.0000,91.8184,0.0000,4.3301,400.0000,0.0017
570.0000,DETUMBLE,7.6588,131.0691,22806.7383,85.1888,85.1888,0.0000,227.2269,0.0000,4.3301,400.0000,0.0016
580.0000,DETUMBLE,7.4309,136.7994,22976.7383,99.2685,99.2685,0.0000,208.7893,0.0000,4.3301,400.0000,0.0015
590.0000,DETUMBLE,7.1853,153.8142,23140.7953,85.1959,85.1959,0.0000,159.1651,0.0000,3.6819,400.0000,0.0015
600.0000,DETUMBLE,6.9680,179.3099,23298.9390,100.4926,100.4926,0.0000,243.6222,0.0000,4.3301,400.0000,0.0014
610.0000,DETUMBLE,6.7386,152.9897,23451.2061,84.2318,84.2318,0.0000,90.1762,0.0000,3.6789,400.0000,0.0013
620.0000,DETUMBLE,6.5171,135.3840,23597.6402,86.7375,86.7375,0.0000,229.6783,0.0000,3.7340,400.0000,0.0012
630.0000,DETUMBLE,6.3162,134.6432,23738.2914,100.9620,100.9620,0.0000,221.9647,0.0000,4.3301,400.0000,0.0011
640.0000,DETUMBLE,6.1054,147.1500,23873.2160,75.0574,75.0574,0.0000,82.4479,0.0000,3.5399,400.0000,0.0011
650.0000,DETUMBLE,5.8892,165.8284,24002.4760,76.0543,76.0543,0.0000,241.8952,0.0000,3.6591,400.0000,0.0010
660.0000,DETUMBLE,5.6916,174.7229,24126.1393,102.1219,102.1219,0.0000,212.7639,0.0000,4.3301,400.0000,0.0009
670.0000,DETUMBLE,5.4815,156.7122,24244.2789,80.5168,80.5168,0.0000,76.6651,0.0000,3.6366,400.0000,0.0008
680.0000,DETUMBLE,5.2754,143.3349,24356.9730,84.3691,84.3691,0.0000,212.7571,0.0000,3.5374,400.0000,0.0008
690.0000,DETUMBLE,5.0977,139.1772,24464.3045,105.9077,105.9077,0.0000,230.6633,0.0000,4.3301,400.0000,0.0007
700.0000,COARSE_STAB,4.7255,143.1501,24566.3610,173.6293,85.7220,99.0792,125.2744,3.1079,4.3301,400.0000,0.0006
710.0000,COARSE_STAB,4.2527,151.2500,24663.2340,159.4331,80.3916,89.1660,160.0661,9.0875,3.6779,400.0000,0.0005
720.0000,COARSE_STAB,3.8034,159.0999,24755.0193,151.3660,84.3441,79.7440,235.0233,14.4375,3.5662,400.0000,0.0004
730.0000,COARSE_STAB,3.4310,165.2051,24841.8163,154.7289,107.5584,71.9348,188.1203,19.2088,4.3301,400.0000,0.0003
740.0000,COARSE_STAB,3.0538,169.9460,24923.7280,149.4307,103.5268,64.0369,203.4556,23.4838,4.3301,400.0000,0.0003
750.0000,COARSE_STAB,2.6936,173.7069,25000.8604,131.3306,90.7666,56.4852,84.0185,27.2673,4.3301,400.0000,0.0002
760.0000,COARSE_STAB,2.3597,176.9503,25073.3229,114.8750,82.7467,49.4898,60.9655,30.6090,3.6147,400.0000,0.0002
770.0000,COARSE_STAB,2.0919,178.6304,25141.2273,101.7218,75.0660,43.8597,161.1655,33.5602,3.1356,400.0000,0.0001
780.0000,COARSE_STAB,1.8986,175.1642,25204.6881,97.9585,78.6943,39.7989,158.7031,36.1463,3.3193,400.0000,0.0001
790.0000,COARSE_STAB,1.7657,174.4045,25263.8222,77.8450,64.7152,37.0028,129.3906,38.3931,2.5616,400.0000,0.0001
800.0000,COARSE_STAB,1.6572,176.1516,25318.7483,40.8632,20.3418,34.7326,47.5706,40.3805,0.8034,400.0000,0.0001
810.0000,COARSE_STAB,1.5412,178.5214,25369.5874,40.4986,23.0818,32.3023,74.0691,42.2255,0.9098,400.0000,0.0001
820.0000,COARSE_STAB,1.4289,179.2400,25416.4617,37.4421,21.2331,29.9494,146.6816,43.9639,0.8354,400.0000,0.0001
830.0000,COARSE_STAB,1.3249,177.3028,25459.4952,33.6754,17.9991,27.7702,184.3339,45.6027,0.7070,400.0000,0.0000
840.0000,COARSE_STAB,1.2296,175.6741,25498.8130,30.2743,15.0102,25.7718,157.4793,47.1442,0.5887,400.0000,0.0000
850.0000,COARSE_STAB,1.1422,174.3190,25534.5411,27.3895,12.5722,23.9407,153.5508,48.5912,0.4924,400.0000,0.0000
860.0000,COARSE_STAB,1.0621,173.1958,25566.8067,24.9491,10.6445,22.2611,106.3516,49.9475,0.4163,400.0000,0.0000
870.0000,COARSE_STAB,0.9885,172.2649,25595.7374,22.8581,9.1250,20.7179,86.9930,51.2175,0.3565,400.0000,0.0000
880.0000,FINE_POINT,0.9428,171.5060,25621.4613,4.9374,0.7625,4.9585,84.9932,51.9873,0.0199,400.0000,0.0000
890.0000,FINE_POINT,0.9238,171.0134,25644.1067,4.8379,1.2775,4.8806,124.0550,52.2782,0.0271,400.0000,0.0000
900.0000,FINE_POINT,0.9067,170.8564,25663.8023,4.7482,1.5283,4.7740,153.9512,52.5638,0.0292,400.0000,0.0000
910.0000,FINE_POINT,0.8911,171.0718,25680.6764,4.6667,1.5475,4.6366,177.3747,52.8447,0.0298,400.0000,0.0000
920.0000,FINE_POINT,0.8769,171.6763,25694.8573,4.5919,1.3697,4.4917,214.5620,53.1214,0.0299,400.0000,0.0000
930.0000,FINE_POINT,0.8636,172.6687,25706.4729,4.5222,1.0317,4.3767,199.1890,53.3937,0.0300,400.0000,0.0000
940.0000,FINE_POINT,0.8509,174.0321,25715.6503,4.4560,0.8290,4.2990,194.3684,53.6616,0.0300,400.0000,0.0000
950.0000,FINE_POINT,0.8386,175.7367,25722.5163,4.3916,0.8692,4.2131,185.4203,53.9257,0.0300,400.0000,0.0000
960.0000,FINE_POINT,0.8265,177.7424,25727.1964,4.3280,0.8840,4.1343,139.4014,54.1861,0.0300,400.0000,0.0000
970.0000,FINE_POINT,0.8143,179.9985,25729.8154,4.2641,0.8931,4.0601,110.4730,54.4429,0.0300,400.0000,0.0000
980.0000,FINE_POINT,0.8019,177.5389,25730.4969,4.1994,0.8972,3.9899,99.3821,54.6958,0.0300,400.0000,0.0000
990.0000,FINE_POINT,0.7893,174.9344,25729.3631,4.1334,0.8969,3.9229,73.6070,54.9447,0.0300,400.0000,0.0000
1000.0000,FINE_POINT,0.7764,172.2415,25726.5351,4.0661,0.8928,3.8587,110.9028,55.1895,0.0300,400.0000,0.0000
1010.0000,FINE_POINT,0.7633,169.5157,25722.1320,3.9973,0.8826,3.7974,142.2891,55.4303,0.0300,400.0000,0.0000
1020.0000,FINE_POINT,0.7499,166.8104,25716.2717,3.9273,0.8452,3.7410,138.1152,55.6667,0.0300,400.0000,0.0000
1030.0000,FINE_POINT,0.7364,164.1751,25709.0701,3.8564,0.8003,3.6866,153.1813,55.8987,0.0300,400.0000,0.0000
1040.0000,FINE_POINT,0.7227,161.6549,25700.6412,3.7849,0.7492,3.6336,156.1113,56.1262,0.0298,400.0000,0.0000
1050.0000,FINE_POINT,0.7090,159.2900,25691.0971,3.7132,0.6932,3.5814,172.2107,56.3491,0.0284,400.0000,0.0000
1060.0000,FINE_POINT,0.6954,157.1149,25680.5477,3.6416,0.6332,3.5298,166.1593,56.5674,0.0264,400.0000,0.0000
1070.0000,FINE_POINT,0.6818,155.1580,25669.1008,3.5705,0.5706,3.4781,143.6090,56.7810,0.0241,400.0000,0.0000
1080.0000,FINE_POINT,0.6684,153.4422,25656.8618,3.5003,0.5062,3.4263,117.1723,56.9901,0.0217,400.0000,0.0000
1090.0000,FINE_POINT,0.6552,151.9839,25643.9338,3.4313,0.4414,3.3741,76.6900,57.1946,0.0192,400.0000,0.0000
1100.0000,FINE_POINT,0.6423,150.7934,25630.4175,3.3639,0.3774,3.3213,55.8051,57.3948,0.0167,400.0000,0.0000
1110.0000,FINE_POINT,0.6298,149.8761,25616.4108,3.2983,0.3156,3.2679,40.1416,57.5906,0.0142,400.0000,0.0000
1120.0000,FINE_POINT,0.6177,149.2315,25602.0090,3.2347,0.2581,3.2140,36.8289,57.7824,0.0118,400.0000,0.0000
1130.0000,FINE_POINT,0.6059,148.8548,25587.3050,3.1733,0.2081,3.1596,67.6269,57.9702,0.0096,400.0000,0.0000
1140.0000,FINE_POINT,0.5947,148.7373,25572.3885,3.1142,0.1709,3.1048,101.6873,58.1542,0.0078,400.0000,0.0000
1150.0000,FINE_POINT,0.5838,148.8664,25557.3466,3.0575,0.1537,3.0498,126.4001,58.3347,0.0065,400.0000,0.0000
1160.0000,FINE_POINT,0.5735,149.2273,25542.2633,3.0031,0.1599,2.9946,139.8893,58.5118,0.0060,400.0000,0.0000
1170.0000,FINE_POINT,0.5635,149.8026,25527.2196,2.9510,0.1845,2.9394,175.2920,58.6856,0.0064,400.0000,0.0000
1180.0000,FINE_POINT,0.5540,150.5738,25512.2936,2.9010,0.2188,2.8844,181.8786,58.8564,0.0074,400.0000,0.0000
1190.0000,FINE_POINT,0.5448,151.5213,25497.5603,2.8529,0.2568,2.8297,176.2702,59.0243,0.0088,400.0000,0.0000
1200.0000,FINE_POINT,0.5359,152.6251,25483.0912,2.8065,0.2950,2.7753,187.1023,59.1895,0.0103,400.0000,0.0000
1210.0000,FINE_POINT,0.5274,153.8649,25468.9550,2.7617,0.3317,2.7215,195.3912,59.3520,0.0118,400.0000,0.0000
1220.0000,FINE_POINT,0.5190,155.2212,25455.2168,2.7180,0.3660,2.6682,179.6007,59.5120,0.0132,400.0000,0.0000
1230.0000,FINE_POINT,0.5109,156.6748,25441.9387,2.6754,0.3975,2.6157,159.1631,59.6695,0.0146,400.0000,0.0000
1240.0000,FINE_POINT,0.5029,158.2076,25429.1791,2.6336,0.4257,2.5638,165.6379,59.8247,0.0158,400.0000,0.0000
1250.0000,FINE_POINT,0.4950,159.8024,25416.9932,2.5923,0.4506,2.5128,154.2024,59.9776,0.0169,400.0000,0.0000
1260.0000,FINE_POINT,0.4872,161.4431,25405.4329,2.5515,0.4721,2.4626,144.3411,60.1281,0.0179,400.0000,0.0000
1270.0000,FINE_POINT,0.4795,163.1149,25394.5463,2.5110,0.4903,2.4133,142.1931,60.2764,0.0187,400.0000,0.0000
1280.0000,FINE_POINT,0.4718,164.8045,25384.3784,2.4706,0.5053,2.3650,128.2071,60.4225,0.0194,400.0000,0.0000
1290.0000,FINE_POINT,0.4641,166.4994,25374.9702,2.4303,0.5172,2.3176,137.1416,60.5664,0.0200,400.0000,0.0000
1300.0000,FINE_POINT,0.4564,168.1890,25366.3596,2.3901,0.5263,2.2712,153.1441,60.7080,0.0204,400.0000,0.0000
1310.0000,FINE_POINT,0.4487,169.8633,25358.5806,2.3499,0.5325,2.2259,130.1551,60.8474,0.0208,400.0000,0.0000
1320.0000,FINE_POINT,0.4410,171.5143,25351.6638,2.3097,0.5363,2.1816,139.1610,60.9845,0.0210,400.0000,0.0000
1330.0000,FINE_POINT,0.4334,173.1345,25345.6362,2.2695,0.5377,2.1383,148.6374,61.1195,0.0211,400.0000,0.0000
1340.0000,FINE_POINT,0.4257,174.7181,25340.5209,2.2296,0.5371,2.0962,148.3952,61.2521,0.0212,400.0000,0.0000
1350.0000,FINE_POINT,0.4181,176.2599,25336.3376,2.1898,0.5345,2.0552,145.4652,61.3825,0.0211,400.0000,0.0000
1360.0000,FINE_POINT,0.4106,177.7558,25333.1024,2.1502,0.5303,2.0152,159.8582,61.5107,0.0210,400.0000,0.0000
1370.0000,FINE_POINT,0.4031,179.2028,25330.8274,2.1110,0.5246,1.9763,163.9164,61.6366,0.0209,400.0000,0.0000
1380.0000,FINE_POINT,0.3957,179.4014,25329.5214,2.0722,0.5177,1.9386,158.3726,61.7603,0.0206,400.0000,0.0000
1390.0000,FINE_POINT,0.3884,178.0583,25329.1892,2.0340,0.5097,1.9020,143.7827,61.8818,0.0203,400.0000,0.0000
1400.0000,FINE_POINT,0.3812,176.7688,25329.8321,1.9963,0.5009,1.8664,175.1713,62.0011,0.0200,400.0000,0.0000
1410.0000,FINE_POINT,0.3741,175.5332,25331.4478,1.9593,0.4913,1.8319,158.5479,62.1181,0.0197,400.0000,0.0000
1420.0000,FINE_POINT,0.3672,174.3513,25334.0300,1.9229,0.4812,1.7985,146.9448,62.2330,0.0193,400.0000,0.0000
1430.0000,FINE_POINT,0.3604,173.2223,25337.5689,1.8874,0.4708,1.7660,145.3653,62.3458,0.0189,400.0000,0.0000
1440.0000,FINE_POINT,0.3538,172.1454,25342.0512,1.8526,0.4601,1.7346,135.4733,62.4565,0.0185,400.0000,0.0000
1450.0000,FINE_POINT,0.3473,171.1190,25347.4597,1.8187,0.4493,1.7041,113.6519,62.5650,0.0181,400.0000,0.0000
1460.0000,FINE_POINT,0.3410,170.1415,25353.7735,1.7857,0.4386,1.6746,99.4053,62.6716,0.0176,400.0000,0.0000
1470.0000,FINE_POINT,0.3349,169.2112,25360.9682,1.7537,0.4279,1.6459,103.7402,62.7761,0.0172,400.0000,0.0000
1480.0000,FINE_POINT,0.3289,168.3261,25369.0158,1.7226,0.4175,1.6182,71.9658,62.8787,0.0168,400.0000,0.0000
1490.0000,FINE_POINT,0.3232,167.4841,25377.8845,1.6924,0.4074,1.5913,59.0589,62.9794,0.0164,400.0000,0.0000
1500.0000,FINE_POINT,0.3176,166.6831,25387.5392,1.6631,0.3978,1.5651,53.3134,63.0782,0.0160,400.0000,0.0000
1510.0000,FINE_POINT,0.3122,165.9209,25397.9409,1.6348,0.3885,1.5397,28.8963,63.1751,0.0156,400.0000,0.0000
1520.0000,FINE_POINT,0.3069,165.1954,25409.0473,1.6074,0.3799,1.5149,24.3431,63.2703,0.0152,400.0000,0.0000
1530.0000,FINE_POINT,0.3019,164.5042,25420.8124,1.5809,0.3718,1.4909,45.1874,63.3637,0.0149,400.0000,0.0000
1540.0000,FINE_POINT,0.2970,163.8454,25433.1869,1.5554,0.3644,1.4675,51.8620,63.4555,0.0146,400.0000,0.0000
1550.0000,FINE_POINT,0.2923,163.2168,25446.1180,1.5307,0.3575,1.4447,61.7931,63.5455,0.0143,400.0000,0.0000
1560.0000,FINE_POINT,0.2877,162.6167,25459.5493,1.5068,0.3514,1.4225,66.5513,63.6340,0.0140,400.0000,0.0000
1570.0000,FINE_POINT,0.2833,162.0430,25473.4212,1.4837,0.3460,1.4007,80.6483,63.7209,0.0137,400.0000,0.0000
1580.0000,FINE_POINT,0.2791,161.4938,25487.6708,1.4614,0.3412,1.3794,106.6567,63.8062,0.0135,400.0000,0.0000
1590.0000,FINE_POINT,0.2750,160.9676,25502.2317,1.4399,0.3372,1.3586,101.1717,63.8900,0.0133,400.0000,0.0000
1600.0000,FINE_POINT,0.2710,160.4626,25517.0344,1.4190,0.3337,1.3382,103.9624,63.9724,0.0132,400.0000,0.0000
1610.0000,FINE_POINT,0.2671,159.9776,25532.0062,1.3988,0.3309,1.3182,131.5275,64.0534,0.0130,400.0000,0.0000
1620.0000,FINE_POINT,0.2634,159.5111,25547.0711,1.3793,0.3287,1.2986,123.7679,64.1329,0.0129,400.0000,0.0000
1630.0000,FINE_POINT,0.2598,159.0617,25562.1502,1.3604,0.3271,1.2793,140.8089,64.2111,0.0128,400.0000,0.0000
1640.0000,FINE_POINT,0.2563,158.6283,25577.1614,1.3419,0.3260,1.2602,145.7552,64.2880,0.0128,400.0000,0.0000
1650.0000,FINE_POINT,0.2528,158.2098,25592.0198,1.3240,0.3254,1.2415,146.3089,64.3636,0.0127,400.0000,0.0000
1660.0000,FINE_POINT,0.2495,157.8053,25606.6373,1.3065,0.3252,1.2229,173.2584,64.4379,0.0127,400.0000,0.0000
1670.0000,FINE_POINT,0.2462,157.4138,25620.9233,1.2895,0.3253,1.2047,173.3135,64.5109,0.0127,400.0000,0.0000
1680.0000,FINE_POINT,0.2431,157.0346,25634.7842,1.2729,0.3257,1.1866,183.2290,64.5828,0.0127,400.0000,0.0000
1690.0000,FINE_POINT,0.2400,156.6671,25648.1237,1.2566,0.3264,1.1687,186.1165,64.6534,0.0127,400.0000,0.0000
1700.0000,FINE_POINT,0.2369,156.3104,25660.8431,1.2406,0.3274,1.1509,151.9670,64.7229,0.0127,400.0000,0.0000
1710.0000,FINE_POINT,0.2339,155.9638,25672.8409,1.2248,0.3286,1.1332,166.0421,64.7912,0.0128,400.0000,0.0000
1720.0000,FINE_POINT,0.2309,155.6269,25684.0132,1.2093,0.3299,1.1157,177.8102,64.8583,0.0128,400.0000,0.0000
1730.0000,FINE_POINT,0.2280,155.2993,25694.2540,1.1940,0.3313,1.0983,172.6216,64.9243,0.0128,400.0000,0.0000
1740.0000,FINE_POINT,0.2251,154.9804,25703.4546,1.1788,0.3326,1.0809,163.0016,64.9892,0.0129,400.0000,0.0000
1750.0000,FINE_POINT,0.2222,154.6700,25711.5045,1.1638,0.3340,1.0637,175.6653,65.0530,0.0129,400.0000,0.0000
1760.0000,FINE_POINT,0.2194,154.3678,25718.2911,1.1490,0.3354,1.0465,149.3896,65.1157,0.0130,400.0000,0.0000
1770.0000,FINE_POINT,0.2166,154.0737,25723.6995,1.1342,0.3367,1.0294,159.3718,65.1774,0.0130,400.0000,0.0000
1780.0000,FINE_POINT,0.2138,153.7875,25727.6133,1.1195,0.3379,1.0123,162.0385,65.2380,0.0131,400.0000,0.0000
1790.0000,FINE_POINT,0.2110,153.5089,25729.9143,1.1048,0.3391,0.9953,161.9675,65.2975,0.0131,400.0000,0.0000
1800.0000,FINE_POINT,0.2082,153.2378,25730.4825,1.0901,0.3400,0.9783,144.3305,65.3559,0.0132,400.0000,0.0000
1810.0000,FINE_POINT,0.2054,152.9740,25729.1967,1.0755,0.3409,0.9614,144.0901,65.4134,0.0132,400.0000,0.0000
1820.0000,FINE_POINT,0.2026,152.7174,25725.9341,1.0608,0.3416,0.9445,156.8009,65.4698,0.0132,400.0000,0.0000
1830.0000,FINE_POINT,0.1998,152.4678,25720.5708,1.0462,0.3421,0.9276,131.0461,65.5251,0.0133,400.0000,0.0000
1840.0000,FINE_POINT,0.1970,152.2253,25712.9817,1.0315,0.3425,0.9107,126.6869,65.5795,0.0133,400.0000,0.0000
1850.0000,FINE_POINT,0.1942,151.9895,25703.0408,1.0168,0.3427,0.8939,136.9391,65.6328,0.0133,400.0000,0.0000
1860.0000,FINE_POINT,0.1914,151.7603,25690.6213,1.0021,0.3428,0.8771,134.2265,65.6851,0.0133,400.0000,0.0000
1870.0000,FINE_POINT,0.1885,151.5378,25675.5957,0.9873,0.3426,0.8603,123.3262,65.7364,0.0133,400.0000,0.0000
1880.0000,FINE_POINT,0.1857,151.3218,25657.8361,0.9725,0.3422,0.8435,112.5641,65.7868,0.0133,400.0000,0.0000
1890.0000,FINE_POINT,0.1829,151.1122,25637.2141,0.9576,0.3416,0.8268,114.9076,65.8361,0.0133,400.0000,0.0000
1900.0000,FINE_POINT,0.1800,150.9091,25613.6012,0.9427,0.3408,0.8101,122.2351,65.8844,0.0133,400.0000,0.0000
1910.0000,FINE_POINT,0.1772,150.7123,25586.8690,0.9277,0.3399,0.7935,106.2889,65.9317,0.0133,400.0000,0.0000
1920.0000,FINE_POINT,0.1743,150.5219,25556.8891,0.9128,0.3387,0.7770,114.0776,65.9781,0.0133,400.0000,0.0000
1930.0000,FINE_POINT,0.1714,150.3375,25523.5335,0.8978,0.3374,0.7605,95.5157,66.0235,0.0132,400.0000,0.0000
1940.0000,FINE_POINT,0.1686,150.1591,25486.6748,0.8828,0.3359,0.7441,118.9426,66.0679,0.0132,400.0000,0.0000
1950.0000,FINE_POINT,0.1657,149.9866,25446.1862,0.8677,0.3342,0.7277,112.0737,66.1114,0.0132,400.0000,0.0000
1960.0000,FINE_POINT,0.1628,149.8199,25401.9418,0.8527,0.3323,0.7115,116.2192,66.1539,0.0131,400.0000,0.0000
1970.0000,FINE_POINT,0.1599,149.6589,25353.8169,0.8376,0.3303,0.6953,123.9667,66.1954,0.0131,400.0000,0.0000
1980.0000,FINE_POINT,0.1571,149.5036,25301.6882,0.8226,0.3281,0.6792,140.9417,66.2360,0.0130,400.0000,0.0000
1990.0000,FINE_POINT,0.1542,149.3537,25245.4336,0.8076,0.3258,0.6632,119.1705,66.2756,0.0130,400.0000,0.0000
2000.0000,FINE_POINT,0.1513,149.2092,25184.9331,0.7926,0.3233,0.6474,131.1272,66.3144,0.0129,400.0000,0.0000
2010.0000,FINE_POINT,0.1485,149.0699,25120.0683,0.7776,0.3206,0.6317,129.3882,66.3522,0.0128,400.0000,0.0000
2020.0000,FINE_POINT,0.1456,148.9359,25050.7232,0.7626,0.3178,0.6161,130.4596,66.3890,0.0127,400.0000,0.0000
2030.0000,FINE_POINT,0.1428,148.8072,24976.7840,0.7478,0.3150,0.6006,134.5529,66.4250,0.0127,400.0000,0.0000
2040.0000,FINE_POINT,0.1400,148.6833,24898.1397,0.7329,0.3120,0.5853,129.8128,66.4601,0.0126,400.0000,0.0000
2050.0000,FINE_POINT,0.1371,148.5640,24814.6820,0.7182,0.3089,0.5701,142.3234,66.4943,0.0125,400.0000,0.0000
2060.0000,FINE_POINT,0.1343,148.4493,24726.3058,0.7035,0.3056,0.5551,121.7251,66.5276,0.0124,400.0000,0.0000
2070.0000,FINE_POINT,0.1316,148.3390,24632.9093,0.6889,0.3024,0.5402,167.0527,66.5600,0.0123,400.0000,0.0000
2080.0000,FINE_POINT,0.1288,148.2330,24534.3940,0.6745,0.2989,0.5255,147.1566,66.5915,0.0123,400.0000,0.0000
2090.0000,FINE_POINT,0.1260,148.1312,24430.6657,0.6601,0.2954,0.5110,148.8745,66.6223,0.0122,400.0000,0.0000
2100.0000,FINE_POINT,0.1233,148.0334,24321.6339,0.6458,0.2919,0.4967,154.9961,66.6521,0.0121,400.0000,0.0000
2110.0000,FINE_POINT,0.1206,147.9397,24207.2127,0.6316,0.2882,0.4825,139.2755,66.6811,0.0120,400.0000,0.0000
2120.0000,FINE_POINT,0.1179,147.8498,24087.3204,0.6176,0.2846,0.4685,172.6469,66.7094,0.0119,400.0000,0.0000
2130.0000,FINE_POINT,0.1153,147.7634,23961.8807,0.6037,0.2808,0.4547,168.3039,66.7368,0.0118,400.0000,0.0000
2140.0000,FINE_POINT,0.1127,147.6804,23830.8220,0.5900,0.2770,0.4411,164.2403,66.7634,0.0117,400.0000,0.0000
2150.0000,FINE_POINT,0.1101,147.6008,23694.0784,0.5764,0.2732,0.4277,158.2386,66.7892,0.0116,400.0000,0.0000
2160.0000,FINE_POINT,0.1075,147.5244,23551.5895,0.5629,0.2693,0.4145,139.3398,66.8142,0.0115,400.0000,0.0000
2170.0000,FINE_POINT,0.1050,147.4509,23403.3010,0.5497,0.2654,0.4016,154.3832,66.8385,0.0114,400.0000,0.0000
2180.0000,FINE_POINT,0.1024,147.3802,23249.1649,0.5365,0.2615,0.3888,194.6860,66.8620,0.0113,400.0000,0.0000
2190.0000,FINE_POINT,0.1000,147.3124,23089.1398,0.5236,0.2575,0.3762,152.7692,66.8848,0.0112,400.0000,0.0000
2200.0000,FINE_POINT,0.0975,147.2472,22923.1911,0.5108,0.2536,0.3638,175.5874,66.9068,0.0111,400.0000,0.0000
2210.0000,FINE_POINT,0.0980,147.0677,22751.2915,0.5135,0.2753,0.3348,166.1586,66.9283,0.0115,400.0000,0.0000
2220.0000,FINE_POINT,0.0985,146.7728,22573.4214,39.8245,0.2811,40.0000,173.1762,66.9487,0.0121,400.0000,0.0000
2230.0000,FINE_POINT,0.0983,146.4045,22389.5687,0.5148,0.2941,0.3033,168.5381,66.9681,0.0126,400.0000,0.0000
2240.0000,FINE_POINT,0.0983,145.9828,22199.7299,0.5151,0.3008,0.2903,170.9025,66.9868,0.0131,400.0000,0.0000
2250.0000,FINE_POINT,0.0986,145.5161,22003.9099,0.5165,0.3076,0.2783,182.4709,67.0047,0.0136,400.0000,0.0000
2260.0000,FINE_POINT,0.0991,145.0119,21802.1226,0.5189,0.3145,0.2673,172.3712,67.0220,0.0139,400.0000,0.0000
2270.0000,FINE_POINT,0.0977,144.4715,21594.3913,0.5119,0.3129,0.2573,157.0550,67.0379,0.0143,400.0000,0.0000
2280.0000,FINE_POINT,0.0984,143.9003,21380.7490,0.5152,0.3195,0.2476,162.7297,67.0539,0.0147,400.0000,0.0000
2290.0000,FINE_POINT,0.0992,143.3044,21161.2389,0.5194,0.3262,0.2387,169.0511,67.0693,0.0150,400.0000,0.0000
2300.0000,FINE_POINT,0.0978,142.6825,20935.9147,0.5124,0.3239,0.2299,148.3040,67.0832,0.0153,400.0000,0.0000
2310.0000,FINE_POINT,0.0987,142.0378,20704.8413,0.5172,0.3302,0.2223,140.2248,67.0974,0.0157,400.0000,0.0000
2320.0000,FINE_POINT,0.0974,141.3756,20468.0953,0.5101,0.3274,0.2141,153.0137,67.1100,0.0159,400.0000,0.0000
2330.0000,FINE_POINT,0.0984,140.6897,20225.7651,0.5155,0.3336,0.2079,166.1967,67.1231,0.0163,400.0000,0.0000
2340.0000,FINE_POINT,0.0995,139.9901,19977.9521,0.5213,0.3397,0.2025,166.2873,67.1357,0.0166,400.0000,0.0000
2350.0000,FINE_POINT,0.0981,139.2721,19724.7706,0.5140,0.3362,0.1954,151.7540,67.1466,0.0169,400.0000,0.0000
2360.0000,FINE_POINT,0.0993,138.5401,19466.3490,0.5201,0.3420,0.1914,168.1795,67.1581,0.0172,400.0000,0.0000
2370.0000,FINE_POINT,0.0979,137.7943,19202.8303,0.5127,0.3381,0.1851,156.4100,67.1679,0.0175,400.0000,0.0000
2380.0000,FINE_POINT,0.0991,137.0343,18934.3728,0.5190,0.3435,0.1826,167.2102,67.1785,0.0178,400.0000,0.0000
2390.0000,FINE_POINT,0.0976,136.2641,18661.1508,0.5113,0.3392,0.1772,177.8922,67.1873,0.0181,400.0000,0.0000
2400.0000,FINE_POINT,0.0989,135.4792,18383.3557,0.5178,0.3443,0.1762,168.9838,67.1970,0.0185,400.0000,0.0000
2410.0000,FINE_POINT,0.0974,134.6877,18101.1969,0.5100,0.3396,0.1719,165.0935,67.2049,0.0187,400.0000,0.0000
2420.0000,FINE_POINT,0.0986,133.8808,17814.9025,0.5166,0.3443,0.1726,157.1012,67.2137,0.0191,400.0000,0.0000
2430.0000,FINE_POINT,0.0999,133.0684,17524.7211,0.5234,0.3490,0.1745,150.7079,67.2222,0.0194,400.0000,0.0000
2440.0000,FINE_POINT,0.0984,132.2437,17230.9221,0.5153,0.3435,0.1721,171.9247,67.2288,0.0198,400.0000,0.0000
2450.0000,FINE_POINT,0.0997,131.4128,16933.7980,0.5223,0.3478,0.1759,152.7342,67.2366,0.0201,400.0000,0.0000
2460.0000,FINE_POINT,0.0982,130.5723,16633.6653,0.5142,0.3419,0.1750,165.1328,67.2425,0.0204,400.0000,0.0000
2470.0000,FINE_POINT,0.0995,129.7245,16330.8660,0.5213,0.3457,0.1806,167.7373,67.2497,0.0208,400.0000,0.0000
2480.0000,FINE_POINT,0.0979,128.8697,16025.7698,0.5130,0.3393,0.1813,165.5368,67.2550,0.0211,400.0000,0.0000
2490.0000,FINE_POINT,0.0993,128.0066,15718.7757,0.5200,0.3426,0.1888,182.3775,67.2616,0.0214,400.0000,0.0000
2500.0000,FINE_POINT,0.0977,127.1389,15410.3142,0.5117,0.3357,0.1910,144.6965,67.2664,0.0217,400.0000,0.0000
2510.0000,FINE_POINT,0.0991,126.2621,15100.8492,0.5189,0.3385,0.2003,148.6172,67.2726,0.0221,400.0000,0.0000
2520.0000,FINE_POINT,0.0975,125.3827,14790.8810,0.5105,0.3309,0.2040,170.0510,67.2771,0.0224,400.0000,0.0000
2530.0000,FINE_POINT,0.0988,124.4934,14480.9483,0.5178,0.3331,0.2150,169.1257,67.2830,0.0228,400.0000,0.0000
2540.0000,FINE_POINT,0.1003,123.6027,14171.6314,0.5252,0.3350,0.2268,181.2335,67.2890,0.0230,400.0000,0.0000
2550.0000,FINE_POINT,0.0987,122.7025,13863.5547,0.5168,0.3263,0.2327,168.4915,67.2931,0.0234,400.0000,0.0000
2560.0000,FINE_POINT,0.1001,121.8012,13557.3897,0.5244,0.3275,0.2460,183.4657,67.2990,0.0236,400.0000,0.0000
2570.0000,FINE_POINT,0.0985,120.8916,13253.8582,0.5161,0.3180,0.2531,178.0505,67.3032,0.0239,400.0000,0.0000
2580.0000,FINE_POINT,0.1000,119.9803,12953.7353,0.5239,0.3184,0.2678,162.3657,67.3093,0.0241,400.0000,0.0000
2590.0000,FINE_POINT,0.0985,119.0621,12657.8515,0.5158,0.3081,0.2760,148.0350,67.3137,0.0243,400.0000,0.0000
2600.0000,FINE_POINT,0.1000,118.1423,12367.0960,0.5236,0.3074,0.2919,166.1177,67.3201,0.0244,400.0000,0.0000
2610.0000,FINE_POINT,0.0984,117.2164,12082.4181,0.5156,0.2960,0.3010,180.8441,67.3249,0.0246,400.0000,0.0000
2620.0000,FINE_POINT,0.1000,116.2888,11804.8286,0.5237,0.2942,0.3180,161.4015,67.3320,0.0246,400.0000,0.0000
2630.0000,FINE_POINT,0.0985,115.3557,11535.3996,0.5159,0.2818,0.3276,152.7763,67.3374,0.0246,400.0000,0.0000
2640.0000,FINE_POINT,0.1000,114.4219,11275.2631,0.5241,0.2787,0.3454,169.4033,67.3453,0.0244,400.0000,0.0000
2650.0000,FINE_POINT,0.0986,113.4818,11025.6081,0.5164,0.2651,0.3551,171.1481,67.3516,0.0243,400.0000,0.0000
2660.0000,FINE_POINT,0.1001,112.5425,10787.6740,0.5244,0.2605,0.3731,190.8964,67.3605,0.0240,400.0000,0.0000
2670.0000,FINE_POINT,0.0986,111.5968,10562.7429,0.5166,0.2456,0.3824,174.4875,67.3678,0.0236,400.0000,0.0000
2680.0000,DIST_REJECT,0.1002,110.6526,10352.1267,0.5414,0.0000,0.0000,184.8133,67.3729,0.0356,400.0000,0.0000
2690.0000,DIST_REJECT,0.0989,109.7022,10157.1522,0.5353,0.0000,0.0000,178.9025,67.3729,0.0351,400.0000,0.0000
2700.0000,DIST_REJECT,0.0976,108.7550,9979.1404,0.5292,0.0000,0.0000,177.6227,67.3729,0.0344,400.0000,0.0000
2710.0000,DIST_REJECT,0.0994,107.8047,9819.3836,0.5366,0.0000,0.0000,183.6904,67.3729,0.0359,400.0000,0.0000
2720.0000,DIST_REJECT,0.0981,106.8569,9679.1175,0.5304,0.0000,0.0000,167.4759,67.3729,0.0351,400.0000,0.0000
2730.0000,DIST_REJECT,0.1000,105.9101,9559.4913,0.5386,0.0000,0.0000,176.4959,67.3729,0.0364,400.0000,0.0000
2740.0000,DIST_REJECT,0.0987,104.9641,9461.5362,0.5325,0.0000,0.0000,181.0063,67.3729,0.0353,400.0000,0.0000
2750.0000,DIST_REJECT,0.0974,104.0237,9386.1334,0.5265,0.0000,0.0000,173.3478,67.3729,0.0342,400.0000,0.0000
2760.0000,DIST_REJECT,0.0994,103.0815,9333.9854,0.5352,0.0000,0.0000,181.2685,67.3729,0.0353,400.0000,0.0000
2770.0000,DIST_REJECT,0.0981,102.1453,9305.5905,0.5292,0.0000,0.0000,177.4147,67.3729,0.0340,400.0000,0.0000
2780.0000,DIST_REJECT,0.1003,101.2124,9301.2247,0.5385,0.0000,0.0000,187.4258,67.3729,0.0349,400.0000,0.0000
2790.0000,DIST_REJECT,0.0989,100.2821,9320.9305,0.5324,0.0000,0.0000,178.5963,67.3729,0.0335,400.0000,0.0000
2800.0000,DIST_REJECT,0.0976,99.3591,9364.5160,0.5265,0.0000,0.0000,185.5991,67.3729,0.0322,400.0000,0.0000
2810.0000,DIST_REJECT,0.0998,98.4372,9431.5616,0.5363,0.0000,0.0000,182.3353,67.3729,0.0329,400.0000,0.0000
2820.0000,DIST_REJECT,0.0985,97.5214,9521.4361,0.5304,0.0000,0.0000,192.9938,67.3729,0.0316,400.0000,0.0000
2830.0000,DIST_REJECT,0.1008,96.6118,9633.3201,0.5405,0.0000,0.0000,197.2807,67.3729,0.0321,400.0000,0.0000
2840.0000,DIST_REJECT,0.0994,95.7040,9766.2329,0.5345,0.0000,0.0000,202.7724,67.3729,0.0308,400.0000,0.0000
2850.0000,DIST_REJECT,0.0980,94.8042,9919.0647,0.5287,0.0000,0.0000,189.7835,67.3729,0.0297,400.0000,0.0000
2860.0000,DIST_REJECT,0.1004,93.9088,10090.6073,0.5392,0.0000,0.0000,197.2120,67.3729,0.0301,400.0000,0.0000
2870.0000,DIST_REJECT,0.0990,93.0179,10279.5858,0.5334,0.0000,0.0000,204.7798,67.3729,0.0290,400.0000,0.0000
2880.0000,DIST_REJECT,0.0977,92.1352,10484.6865,0.5277,0.0000,0.0000,209.5339,67.3729,0.0281,400.0000,0.0000
2890.0000,DIST_REJECT,0.1001,91.2553,10704.5822,0.5385,0.0000,0.0000,184.6775,67.3729,0.0283,400.0000,0.0000
2900.0000,DIST_REJECT,0.0988,90.3820,10937.9537,0.5330,0.0000,0.0000,202.2676,67.3729,0.0274,400.0000,0.0000
2910.0000,DIST_REJECT,0.0975,89.5167,11183.5064,0.5276,0.0000,0.0000,206.4221,67.3729,0.0266,400.0000,0.0000
2920.0000,DIST_REJECT,0.0999,88.6537,11439.9842,0.5386,0.0000,0.0000,202.3817,67.3729,0.0267,400.0000,0.0000
2930.0000,DIST_REJECT,0.0986,87.7981,11706.1792,0.5331,0.0000,0.0000,205.5690,67.3729,0.0259,400.0000,0.0000
2940.0000,DIST_REJECT,0.1011,86.9504,11980.9382,0.5445,0.0000,0.0000,230.0092,67.3729,0.0260,400.0000,0.0000
2950.0000,DIST_REJECT,0.0998,86.1048,12263.1671,0.5392,0.0000,0.0000,209.7599,67.3729,0.0252,400.0000,0.0000
2960.0000,DIST_REJECT,0.0984,85.2673,12551.8328,0.5339,0.0000,0.0000,212.7495,67.3729,0.0245,400.0000,0.0000
2970.0000,DIST_REJECT,0.1010,84.4369,12845.9638,0.5455,0.0000,0.0000,217.8396,67.3729,0.0246,400.0000,0.0000
2980.0000,DIST_REJECT,0.0997,83.6096,13144.6494,0.5403,0.0000,0.0000,197.1514,67.3729,0.0239,400.0000,0.0000
2990.0000,DIST_REJECT,0.0984,82.7904,13447.0379,0.5353,0.0000,0.0000,225.7747,67.3729,0.0233,400.0000,0.0000
3000.0000,DIST_REJECT,0.1009,81.9778,13752.3345,0.5471,0.0000,0.0000,211.0560,67.3729,0.0233,400.0000,0.0000
3010.0000,DIST_REJECT,0.0996,81.1687,14059.7986,0.5421,0.0000,0.0000,204.3763,67.3729,0.0227,400.0000,0.0000
3020.0000,DIST_REJECT,0.0983,80.3677,14368.7406,0.5373,0.0000,0.0000,209.7094,67.3729,0.0222,400.0000,0.0000
3030.0000,DIST_REJECT,0.1009,79.5733,14678.5193,0.5493,0.0000,0.0000,222.7976,67.3729,0.0222,400.0000,0.0000
3040.0000,DIST_REJECT,0.0996,78.7822,14988.5390,0.5445,0.0000,0.0000,232.7928,67.3729,0.0217,400.0000,0.0000
3050.0000,DIST_REJECT,0.0984,77.9991,15298.2461,0.5399,0.0000,0.0000,224.6432,67.3729,0.0211,400.0000,0.0000
3060.0000,DIST_REJECT,0.1010,77.2228,15607.1268,0.5522,0.0000,0.0000,223.2734,67.3729,0.0212,400.0000,0.0000
3070.0000,DIST_REJECT,0.0997,76.4497,15914.7042,0.5476,0.0000,0.0000,228.9028,67.3729,0.0207,400.0000,0.0000
3080.0000,DIST_REJECT,0.0985,75.6847,16220.5360,0.5432,0.0000,0.0000,235.9898,67.3729,0.0203,400.0000,0.0000
3090.0000,DIST_REJECT,0.1011,74.9268,16524.2119,0.5555,0.0000,0.0000,227.1713,67.3729,0.0203,400.0000,0.0000
3100.0000,DIST_REJECT,0.0999,74.1721,16825.3520,0.5511,0.0000,0.0000,243.6741,67.3729,0.0199,400.0000,0.0000
3110.0000,DIST_REJECT,0.0986,73.4251,17123.6044,0.5470,0.0000,0.0000,237.1736,67.3729,0.0195,400.0000,0.0000
3120.0000,DIST_REJECT,0.0974,72.6860,17418.6435,0.5429,0.0000,0.0000,224.0711,67.3729,0.0191,400.0000,0.0000
3130.0000,DIST_REJECT,0.1001,71.9497,17710.1683,0.5554,0.0000,0.0000,223.1781,67.3729,0.0192,400.0000,0.0000
3140.0000,DIST_REJECT,0.0989,71.2209,17997.9013,0.5514,0.0000,0.0000,231.2210,67.3729,0.0188,400.0000,0.0000
3150.0000,DIST_REJECT,0.0977,70.4998,18281.5863,0.5475,0.0000,0.0000,227.6294,67.3729,0.0185,400.0000,0.0000
3160.0000,DIST_REJECT,0.1003,69.7829,18560.9881,0.5601,0.0000,0.0000,233.2193,67.3729,0.0186,400.0000,0.0000
3170.0000,DIST_REJECT,0.0991,69.0726,18835.8906,0.5563,0.0000,0.0000,247.7373,67.3729,0.0183,400.0000,0.0000
3180.0000,DIST_REJECT,0.0980,68.3699,19106.0959,0.5526,0.0000,0.0000,232.9752,67.3729,0.0180,400.0000,0.0000
3190.0000,DIST_REJECT,0.1006,67.6731,19371.4236,0.5653,0.0000,0.0000,235.2223,67.3729,0.0181,400.0000,0.0000
3200.0000,DIST_REJECT,0.0995,66.9816,19631.7098,0.5616,0.0000,0.0000,235.0902,67.3729,0.0178,400.0000,0.0000
3210.0000,DIST_REJECT,0.0983,66.2980,19886.8061,0.5581,0.0000,0.0000,254.6536,67.3729,0.0175,400.0000,0.0000
3220.0000,DIST_REJECT,0.1010,65.6217,20136.5787,0.5710,0.0000,0.0000,244.3920,67.3729,0.0177,400.0000,0.0000
3230.0000,DIST_REJECT,0.0999,64.9497,20380.9084,0.5675,0.0000,0.0000,229.0136,67.3729,0.0175,400.0000,0.0000
3240.0000,DIST_REJECT,0.0987,64.2858,20619.6892,0.5639,0.0000,0.0000,232.8449,67.3729,0.0172,400.0000,0.0000
3250.0000,DIST_REJECT,0.0976,63.6302,20852.8279,0.5605,0.0000,0.0000,216.6846,67.3729,0.0170,400.0000,0.0000
3260.0000,DIST_REJECT,0.1003,62.9797,21080.2438,0.5736,0.0000,0.0000,230.7832,67.3729,0.0172,400.0000,0.0000
3270.0000,DIST_REJECT,0.0992,62.3365,21301.8679,0.5702,0.0000,0.0000,242.6691,67.3729,0.0170,400.0000,0.0000
3280.0000,DIST_REJECT,0.0981,61.7016,21517.6425,0.5670,0.0000,0.0000,227.2023,67.3729,0.0168,400.0000,0.0000
3290.0000,DIST_REJECT,0.1008,61.0740,21727.5204,0.5802,0.0000,0.0000,240.2725,67.3729,0.0171,400.0000,0.0000
3300.0000,DIST_REJECT,0.0997,60.4523,21931.4652,0.5770,0.0000,0.0000,256.4128,67.3729,0.0169,400.0000,0.0000
3310.0000,DIST_REJECT,0.0986,59.8393,22129.4499,0.5737,0.0000,0.0000,236.5282,67.3729,0.0167,400.0000,0.0000
3320.0000,DIST_REJECT,0.0976,59.2352,22321.4575,0.5706,0.0000,0.0000,236.6211,67.3729,0.0165,400.0000,0.0000
3330.0000,DIST_REJECT,0.1002,58.6371,22507.4797,0.5836,0.0000,0.0000,236.2834,67.3729,0.0168,400.0000,0.0000
3340.0000,DIST_REJECT,0.0992,58.0476,22687.5172,0.5804,0.0000,0.0000,244.2728,67.3729,0.0166,400.0000,0.0000
3350.0000,DIST_REJECT,0.0981,57.4673,22861.5788,0.5773,0.0000,0.0000,248.1804,67.3729,0.0164,400.0000,0.0000
3360.0000,DIST_REJECT,0.1008,56.8956,23029.6814,0.5904,0.0000,0.0000,237.1218,67.3729,0.0168,400.0000,0.0000
3370.0000,DIST_REJECT,0.0997,56.3311,23191.8498,0.5872,0.0000,0.0000,232.5852,67.3729,0.0166,400.0000,0.0000
3380.0000,DIST_REJECT,0.0987,55.7764,23348.1158,0.5842,0.0000,0.0000,266.1906,67.3729,0.0165,400.0000,0.0000
3390.0000,DIST_REJECT,0.0977,55.2316,23498.5184,0.5812,0.0000,0.0000,244.0960,67.3729,0.0163,400.0000,0.0000
3400.0000,DIST_REJECT,0.1004,54.6951,23643.1033,0.5943,0.0000,0.0000,237.7322,67.3729,0.0167,400.0000,0.0000
3410.0000,DIST_REJECT,0.0994,54.1679,23781.9225,0.5912,0.0000,0.0000,234.4696,67.3729,0.0165,400.0000,0.0000
3420.0000,DIST_REJECT,0.0984,53.6512,23915.0343,0.5881,0.0000,0.0000,246.1870,67.3729,0.0164,400.0000,0.0000
3430.0000,DIST_REJECT,0.0974,53.1452,24042.5025,0.5851,0.0000,0.0000,228.5524,67.3729,0.0163,400.0000,0.0000
3440.0000,DIST_REJECT,0.1000,52.6478,24164.3967,0.5980,0.0000,0.0000,252.2088,67.3729,0.0167,400.0000,0.0000
3450.0000,DIST_REJECT,0.0990,52.1615,24280.7916,0.5949,0.0000,0.0000,233.6471,67.3729,0.0166,400.0000,0.0000
3460.0000,DIST_REJECT,0.0980,51.6867,24391.7670,0.5918,0.0000,0.0000,230.1760,67.3729,0.0165,400.0000,0.0000
3470.0000,DIST_REJECT,0.1006,51.2228,24497.4072,0.6046,0.0000,0.0000,235.6465,67.3729,0.0169,400.0000,0.0000
3480.0000,DIST_REJECT,0.0997,50.7695,24597.8011,0.6014,0.0000,0.0000,232.2579,67.3729,0.0168,400.0000,0.0000
3490.0000,DIST_REJECT,0.0987,50.3283,24693.0417,0.5982,0.0000,0.0000,251.4379,67.3729,0.0167,400.0000,0.0000
3500.0000,DIST_REJECT,0.0977,49.8997,24783.2258,0.5950,0.0000,0.0000,211.7279,67.3729,0.0166,400.0000,0.0000
3510.0000,DIST_REJECT,0.1003,49.4827,24868.4541,0.6075,0.0000,0.0000,223.8143,67.3729,0.0170,400.0000,0.0000
3520.0000,DIST_REJECT,0.0993,49.0781,24948.8305,0.6042,0.0000,0.0000,232.9357,67.3729,0.0169,400.0000,0.0000
3530.0000,DIST_REJECT,0.0983,48.6869,25024.4623,0.6009,0.0000,0.0000,233.7063,67.3729,0.0168,400.0000,0.0000
3540.0000,DIST_REJECT,0.0974,48.3091,25095.4594,0.5976,0.0000,0.0000,242.3181,67.3729,0.0167,400.0000,0.0000
3550.0000,DIST_REJECT,0.0999,47.9438,25161.9347,0.6097,0.0000,0.0000,222.5193,67.3729,0.0171,400.0000,0.0000
3560.0000,DIST_REJECT,0.0989,47.5926,25224.0034,0.6062,0.0000,0.0000,216.7043,67.3729,0.0171,400.0000,0.0000
3570.0000,DIST_REJECT,0.0979,47.2558,25281.7830,0.6028,0.0000,0.0000,231.0593,67.3729,0.0170,400.0000,0.0000
3580.0000,DIST_REJECT,0.1004,46.9333,25335.3931,0.6146,0.0000,0.0000,236.9582,67.3729,0.0174,400.0000,0.0000
3590.0000,DIST_REJECT,0.0994,46.6251,25384.9549,0.6109,0.0000,0.0000,226.9709,67.3729,0.0173,400.0000,0.0000
3600.0000,DIST_REJECT,0.0984,46.3322,25430.5913,0.6073,0.0000,0.0000,218.5095,67.3729,0.0173,400.0000,0.0000
